{
    "camera_matrix": [
        [
            2821.9535749049637,
            0.0,
            1968.5598768143354
        ],
        [
            0.0,
            2815.2500800305907,
            1486.3279776651602
        ],
        [
            0.0,
            0.0,
            1.0
        ]
    ],
    "distortion": [
        0.039973859120988144,
        -0.46139828365186175,
        8.523646330398793e-05,
        -0.002044590991372442,
        1.6036170189688084
    ],
    "image_dir_path": "images",
    "image_data": [
        {
            "img_name": "IMG20230711120053.jpg",
            "tvec": [
                -0.11038457160398521,
                -3.7100661748478916,
                20.568598982478235
            ],
            "rvec": [
                -0.33013961723091295,
                -0.39058269248258526,
                -0.3532349604267377
            ],
            "height": 3008,
            "width": 4000,
            "img_distorted": "IMG20230711120053.jpg"
        },
        {
            "img_name": "IMG20230711120055.jpg",
            "tvec": [
                -0.03319698848597105,
                -4.216234146257662,
                21.4827721685439
            ],
            "rvec": [
                -0.3194564325216667,
                -0.259980319707938,
                -0.2423302546488127
            ],
            "height": 3008,
            "width": 4000,
            "img_distorted": "IMG20230711120055.jpg"
        },
        {
            "img_name": "IMG20230711120056.jpg",
            "tvec": [
                -0.26583884848954203,
                -4.768601277093897,
                22.478900600685485
            ],
            "rvec": [
                -0.31721465513619657,
                -0.11586374282472878,
                -0.12520114473577085
            ],
            "height": 3008,
            "width": 4000,
            "img_distorted": "IMG20230711120056.jpg"
        },
        {
            "img_name": "IMG20230711120059.jpg",
            "tvec": [
                -0.46048035849233343,
                -4.422042693769478,
                23.160643541784857
            ],
            "rvec": [
                -0.12562169974522558,
                -0.05052460634088967,
                -0.04874143962178207
            ],
            "height": 3008,
            "width": 4000,
            "img_distorted": "IMG20230711120059.jpg"
        },
        {
            "img_name": "IMG20230711120101.jpg",
            "tvec": [
                -0.3612438677343413,
                -3.928078541444871,
                20.94515294944161
            ],
            "rvec": [
                -0.20169579343564722,
                0.25781183723927653,
                0.09639873889627362
            ],
            "height": 3008,
            "width": 4000,
            "img_distorted": "IMG20230711120101.jpg"
        },
        {
            "img_name": "IMG20230711120103.jpg",
            "tvec": [
                -0.6759866929679879,
                -4.0108692334059155,
                20.872153840054903
            ],
            "rvec": [
                -0.19806178696058951,
                0.5276883103095021,
                0.3316066545872614
            ],
            "height": 3008,
            "width": 4000,
            "img_distorted": "IMG20230711120103.jpg"
        },
        {
            "img_name": "IMG20230711120103_01.jpg",
            "tvec": [
                0.5863983526447876,
                -4.404397609771902,
                19.62147576359843
            ],
            "rvec": [
                -0.15784727850100075,
                0.6638714560491927,
                0.5486499687123604
            ],
            "height": 3008,
            "width": 4000,
            "img_distorted": "IMG20230711120103_01.jpg"
        },
        {
            "img_name": "IMG20230711120106.jpg",
            "tvec": [
                2.8305669604222365,
                -4.759853571174314,
                19.75391531425307
            ],
            "rvec": [
                -0.13199953947482498,
                0.9307542986041657,
                0.9385340167912057
            ],
            "height": 3008,
            "width": 4000,
            "img_distorted": "IMG20230711120106.jpg"
        },
        {
            "img_name": "IMG20230711120108.jpg",
            "tvec": [
                2.671725822136965,
                -5.589362173137831,
                20.64969675537425
            ],
            "rvec": [
                -0.1262018646161124,
                1.0722277771544195,
                0.9744582019326882
            ],
            "height": 3008,
            "width": 4000,
            "img_distorted": "IMG20230711120108.jpg"
        },
        {
            "img_name": "IMG20230711120113.jpg",
            "tvec": [
                -3.210258869412774,
                -1.2313321680128428,
                15.176783461557324
            ],
            "rvec": [
                0.32934188424667205,
                0.3420775316159673,
                -0.020164801178899853
            ],
            "height": 3008,
            "width": 4000,
            "img_distorted": "IMG20230711120113.jpg"
        },
        {
            "img_name": "IMG20230711120116.jpg",
            "tvec": [
                -1.0165706123858822,
                -4.86259286709669,
                19.52762245502605
            ],
            "rvec": [
                -0.5153772108346403,
                0.7669611450643509,
                0.4672828038867336
            ],
            "height": 3008,
            "width": 4000,
            "img_distorted": "IMG20230711120116.jpg"
        },
        {
            "img_name": "IMG20230711120121.jpg",
            "tvec": [
                -3.312664794887061,
                -2.293077265691289,
                29.924269762233816
            ],
            "rvec": [
                -0.6328931314164119,
                -0.3578929726412582,
                -0.18486116796614746
            ],
            "height": 3008,
            "width": 4000,
            "img_distorted": "IMG20230711120121.jpg"
        },
        {
            "img_name": "IMG20230711120124.jpg",
            "tvec": [
                -3.1264561809477818,
                -0.6801576035369259,
                37.347304925514294
            ],
            "rvec": [
                -0.6311713906638392,
                -0.515450591508333,
                -0.2943341152505572
            ],
            "height": 3008,
            "width": 4000,
            "img_distorted": "IMG20230711120124.jpg"
        },
        {
            "img_name": "IMG20230711120127.jpg",
            "tvec": [
                -0.8964716458187751,
                -1.012392777821166,
                22.81735368013516
            ],
            "rvec": [
                -0.50674668644609,
                -0.6652016629662947,
                -0.4025529306884456
            ],
            "height": 3008,
            "width": 4000,
            "img_distorted": "IMG20230711120127.jpg"
        },
        {
            "img_name": "IMG20230711120129.jpg",
            "tvec": [
                -0.903192785684245,
                -0.48740818589914897,
                23.33508462119117
            ],
            "rvec": [
                -0.45945734300677715,
                -0.6886330435170931,
                -0.5638497660292652
            ],
            "height": 3008,
            "width": 4000,
            "img_distorted": "IMG20230711120129.jpg"
        },
        {
            "img_name": "IMG20230711120133.jpg",